source,author,title,description,url,urlToImage,publishedAt,content
"{'id': 'the-verge', 'name': 'The Verge'}",Emma Roth,PayPal launches PYUSD stablecoin backed by the US dollar,"PayPal has launched a stablecoin called PayPal USD, starting today and “rolling out in the coming weeks.” The new stablecoin can be used for purchases and person-to-person payments.",https://www.theverge.com/2023/8/7/23822752/paypal-pyusd-stablecoin-cryptocurrency,https://cdn.vox-cdn.com/thumbor/AzUxs8UmwIY2lOByn5LIX8geWjY=/0x0:2200x1650/1200x628/filters:focal(1100x825:1101x826)/cdn.vox-cdn.com/uploads/chorus_asset/file/24835037/PayPal_stablecoin.png,2023-08-07T14:07:51Z,"PayPal launches PYUSD stablecoin backed by the US dollar
PayPal launches PYUSD stablecoin backed by the US dollar
 / PayPal USD is built on Ethereum and is 1:1 redeemable for US dollars.
PayPal is… [+1960 chars]"
"{'id': None, 'name': 'Gizmodo.com'}",Cheryl Eddy,Everyone's Favorite Knife-Wielding Robot Returns in Next Week's Futurama,"Futurama’s new season continues its examination of 3023 by way of 2023 with next week’s “How the West Was 1010001,” which sees the gang heading to, ahem, Doge City to cash in on the bitcoin mining craze. Like most places they visit, they encounter absurdities…",https://gizmodo.com/futurama-hulu-new-ep-3-clips-bitcoin-crypto-wild-west-1850708869,"https://i.kinja-img.com/gawker-media/image/upload/c_fill,f_auto,fl_progressive,g_center,h_675,pg_1,q_80,w_1200/11cf0e30bb3cfd27a7b0f55aa6eddfd3.jpg",2023-08-04T20:45:00Z,"Futuramas new season continues its examination of 3023 by way of 2023 with next weeks How the West Was 1010001, which sees the gang heading to, ahem, Doge City to cash in on the bitcoin mining craze.… [+2351 chars]"
"{'id': None, 'name': 'Gizmodo.com'}",Gordon Jackson and James Whitbrook,It's Time For Even More Casting Rumors for Fantastic Four,"Final Destination’s Jeffrey Reddick says the sixth film is ready to enter production—as soon as the SAG-AFTRA strike comes to an end. Dracula strikes in even more footage from Last Voyage of the Demeter. Plus, you’re not ready for the first details about Rive…",https://gizmodo.com/fantastic-four-casting-rumors-sue-storm-vanessa-kirby-1850703547,"https://i.kinja-img.com/gawker-media/image/upload/c_fill,f_auto,fl_progressive,g_center,h_675,pg_1,q_80,w_1200/42c099e27de9e20476aba1b5d4f5d590.png",2023-08-04T14:00:00Z,Final Destinations Jeffrey Reddick says the sixth film is ready to enter productionas soon as the SAG-AFTRA strike comes to an end. Dracula strikes in even more footage from Last Voyage of the Demete… [+3331 chars]
"{'id': None, 'name': 'Gizmodo.com'}",Kyle Barr,"Dropbox Is Dropping Unlimited Storage, Blames Crypto Miners","Dropbox is no longer offering new customers unlimited cloud storage. The company says crypto miners and other dastardly individuals pooled or resold storage space. Now, none of us can have nice things.Read more...",https://gizmodo.com/dropbox-ends-unlimited-storage-blames-crypto-miners-1850773843,"https://i.kinja-img.com/gawker-media/image/upload/c_fill,f_auto,fl_progressive,g_center,h_675,pg_1,q_80,w_1200/cdcdab520fde65cd63b7cab335d72f46.jpg",2023-08-25T14:10:00Z,"Dropbox is no longer offering new customers unlimited cloud storage. The company says crypto miners and other dastardly individuals pooled or resold storage space. Now, none of us can have nice thing… [+2867 chars]"
"{'id': 'bbc-news', 'name': 'BBC News'}",https://www.facebook.com/bbcnews,Anonymous Sudan hacks X to put pressure on Elon Musk over Starlink,Prolific hackers accused of being a front for Russian cyber-operation shares counter evidence with the BBC.,https://www.bbc.co.uk/news/technology-66668053,https://ichef.bbci.co.uk/news/1024/branded_news/33D9/production/_130937231_21071135-919a-4cf4-8320-f1cb3c847dda.jpg,2023-08-31T08:45:39Z,"A hacking group called Anonymous Sudan took X, formerly known as Twitter, offline in more than a dozen countries on Tuesday morning in an attempt to pressurise Elon Musk into launching his Starlink s… [+4609 chars]"
"{'id': 'ars-technica', 'name': 'Ars Technica'}",Kevin Purdy,"GameStop, citing “regulatory uncertainty,” winds down its crypto and NFT wallet",Layoffs from late last year may have hinted at company's drift away from crypto.,https://arstechnica.com/gaming/2023/08/gamestop-citing-regulatory-uncertainty-winds-down-its-crypto-and-nft-wallet/,https://cdn.arstechnica.net/wp-content/uploads/2023/08/gamestop_nft-760x380.png,2023-08-04T16:20:03Z,"Enlarge/ An artifact from an earlier time in GameStop's crypto enthusiasm, the launch of its NFT marketplace in July 2022.
26 with 
GameStop will still sell you NFTs, but you now have to store and … [+2679 chars]"
"{'id': 'google-news', 'name': 'Google News'}",,Binance Australia customers seen selling bitcoin at a discount – Reuters.com - CryptoSaurus,Binance Australia customers seen selling bitcoin at a discount – Reuters.com  CryptoSaurus,https://consent.google.com/ml?continue=https://news.google.com/rss/articles/CBMiZWh0dHBzOi8vY3J5cHRvc2F1cnVzLnRlY2gvYmluYW5jZS1hdXN0cmFsaWEtY3VzdG9tZXJzLXNlZW4tc2VsbGluZy1iaXRjb2luLWF0LWEtZGlzY291bnQtcmV1dGVycy1jb20v0gEA?oc%3D5&gl=FR&hl=en-US&cm=2&pc=n&src=1,,2023-08-14T10:04:42Z,"We use cookies and data to<ul><li>Deliver and maintain Google services</li><li>Track outages and protect against spam, fraud, and abuse</li><li>Measure audience engagement and site statistics to unde… [+1131 chars]"
"{'id': None, 'name': 'CNET'}",Gael Fashingbauer Cooper,Verizon Makes It Easier for You to Stop Getting Spam Texts - CNET,You can now block all of those text messages that appear to come from random email addresses.,https://www.cnet.com/tech/mobile/verizon-makes-it-easier-for-you-to-stop-getting-spam-texts/,https://www.cnet.com/a/img/resize/43683c31fdcf15b86407d3efb1c5b4a4f132f65f/hub/2023/08/29/06d03640-84be-4172-bfb2-4ee91d29fff3/email-to-text-spam-1230x690.jpg?auto=webp&fit=crop&height=675&width=1200,2023-08-29T19:27:00Z,"Text messaging can be a helpful and effective way to communicate -- if only your phone wasn't cluttered with creepy spam texts hyping Bitcoin, or trying to romance you into sharing your bank password… [+1299 chars]"
"{'id': 'business-insider', 'name': 'Business Insider'}",mmark@businessinsider.com (Michelle Mark),'Crypto couple' husband confesses to being the original Bitfinex hacker during plea hearing,"Ilya Lichtenstein pleaded guilty to conspiring to launder the stolen cryptocurrency, and even admitted to the original 2016 Bitfinex hack.",https://www.businessinsider.com/crypto-couple-husband-admits-to-bitfinex-hack-at-plea-hearing-2023-8,https://i.insider.com/620467843b86990018b2a8cb?width=1200&format=jpeg,2023-08-03T17:41:50Z,"Ilya Lichtenstein pleaded guilty on Thursday to a $4.5 billion bitcoin-laundering scheme in which they plotted to sell cryptocurrency stolen during the 2016 hack of Bitfinex.
Lichtenstein, a Russian… [+2239 chars]"
"{'id': 'business-insider', 'name': 'Business Insider'}",fdemott@insider.com (Filip De Mott),US stocks rise as tech sector leads rally amid high hopes for Nvidia earnings,Stocks looked to break out of the August slump as investors gear up for Nvidia earnings and the Federal Reserve's Jackson Hole summit.,https://markets.businessinsider.com/news/stocks/stock-market-news-today-tech-sectorsrally-nvidia-ai-earnings-2023-8,https://i.insider.com/64e4b6e5b698ac0019df0159?width=1200&format=jpeg,2023-08-22T13:38:51Z,"US stocks were mostly higher Tuesday, extending gains sparked by expectations around upcoming earnings reports and the Federal Reserve's Jackson Hole meeting.
Following a three week sell-off, market… [+1181 chars]"
"{'id': 'business-insider', 'name': 'Business Insider'}",madams@businessinsider.com (Max Adams),US stocks rise after CPI shows inflation came in cooler than expected in July,"Inflation in July was higher than June but still lower than what was expected, with markets still eyeing a Fed pause on rate hikes next month.",https://markets.businessinsider.com/news/stocks/stock-market-news-today-inflation-reoort-july-cpi-fed-markets-2023-8,https://i.insider.com/64d4d6124dd2b50019c2aef4?width=1200&format=jpeg,2023-08-10T13:35:12Z,"US stocks jumped on Thursday as July Consumer Price Index data showed inflation rose last month at a slower rate than economists were predicting. 
Inflation rose 3.2% on an annualized basis in July.… [+1445 chars]"
"{'id': None, 'name': 'Slashdot.org'}",msmash,First Bitcoin ETF Could Be Coming Soon as Court Rules in Favor of Grayscale Over SEC,"The U.S. Court of Appeals for the D.C. Circuit has paved the way for bitcoin exchange-traded funds. From a report: On Tuesday, the court sided with Grayscale in a lawsuit against the Securities and Exchange Commission which had denied the company's applicatio…",https://slashdot.org/story/23/08/29/1816233/first-bitcoin-etf-could-be-coming-soon-as-court-rules-in-favor-of-grayscale-over-sec,https://a.fsdn.com/sd/topics/bitcoin_64.png,2023-08-29T19:20:00Z,"On Tuesday, the court sided with Grayscale in a lawsuit against the Securities and Exchange Commission which had denied the company's application to convert the Grayscale Bitcoin Trust to an ETF. The… [+1393 chars]"
"{'id': 'business-insider', 'name': 'Business Insider'}",Matthew Fox,Bitcoin plunges more than 10% after Elon Musk's SpaceX reportedly sold the cryptocurrency,The Wall Street Journal reported that SpaceX wrote down the value of its bitcoin holdings by a total of $373 million and has sold the cryptocurrency.,https://markets.businessinsider.com/news/currencies/bitcoin-price-plunge-elon-musks-spacex-sold-373-million-stake-2023-8,https://i.insider.com/64df7ff3b698ac0019dc43a3?width=1200&format=jpeg,2023-08-18T15:14:49Z,"AP
<ul><li>Bitcoin plunged about 10% after it was revealed that SpaceX sold the cryptocurrency.</li><li>The Wall Street Journal reported that SpaceX wrote down the value of bitcoin it owns by $373 m… [+1842 chars]"
"{'id': 'business-insider', 'name': 'Business Insider'}",Phil Rosen,Bitcoin just had its 2nd-straight losing month as crypto sold off in August along with stocks and bonds,The world's biggest cryptocurrency failed to eke out a gain in August even as crypto investors cheered Grayscale's win over the SEC.,https://markets.businessinsider.com/news/currencies/bitcoin-price-crypto-token-august-stocks-bonds-equities-markets-investors-2023-9,https://i.insider.com/64f217441e6afd00196a380f?width=1200&format=jpeg,2023-09-01T17:42:25Z,"bitcoin cryptocurrency digital currencyEdward Smith/Getty Images
<ul>
<li>Bitcoin finished August about 10% lower, its second consecutive losing month. </li>
<li>Crypto was caught up in a tough sell… [+2148 chars]"
"{'id': 'business-insider', 'name': 'Business Insider'}",Matthew Fox,"Bitcoin could drop to the $20,000 range if a key price level is breached","""We remain long-term neutral, but we are wary of negative catalysts that could develop from a bigger retracement,"" Katie Stockton said.",https://markets.businessinsider.com/news/currencies/bitcoin-price-outlook-broken-support-20000-range-technical-analysis-2023-8,https://i.insider.com/64e62a424c17ff0019bb16bc?width=1200&format=jpeg,2023-08-23T16:42:26Z,"Wenjin Chen/Getty Images
<ul><li>Bitcoin is testing a key support level that, if broken, could send the cryptocurrency back to the $20,000 range.</li><li>That's according to Fairlead Strategies' Kat… [+2149 chars]"
"{'id': 'business-insider', 'name': 'Business Insider'}",Phil Rosen,"Bitcoin is headed to $180,000 if regulators approve the first spot ETF in the US, Fundstrat's Tom Lee says",The macro strategist broke down how regulators' decision to approve a new spot bitcoin ETF could send the token soaring next year.,https://markets.businessinsider.com/news/currencies/bitcoin-price-outlook-spot-etf-cryptocurrency-fundstrat-tom-lee-btc-2023-8,https://i.insider.com/5fa1884c1df1d500182188f7?width=1200&format=jpeg,2023-08-16T18:27:23Z,"Cindy Ord/Getty Images
<ul>
<li>Fundstrat's Tom Lee said the approval of a new spot bitcoin ETF could send the token soaring in 2024.</li>
<li>He told CNBC Wednesday that bitcoin could reach $180,00… [+2298 chars]"
"{'id': 'business-insider', 'name': 'Business Insider'}",George Glover,Bitcoin is finally trading like 'digital gold' – but only because nobody cares about crypto anymore,"Investors fled digital assets after a nightmarish 2022, and the largest token by market capitalization now trades way below its record high.",https://markets.businessinsider.com/news/currencies/bitcoin-price-outlook-digital-gold-crypto-crash-volatility-ftx-sbf-2023-8,https://i.insider.com/64cb879095fe1f0019df9fc4?width=1200&format=jpeg,2023-08-05T09:00:01Z,"Bitcoin's 30-year volatility is close to a five-year low, per Bloomberg.Marco Bello/Getty Images
<ul>
<li>The price of Bitcoin is as stable as it's been for five years, according to one gauge.</li>
… [+1737 chars]"
"{'id': 'business-insider', 'name': 'Business Insider'}",Filip De Mott,FTX taps Mike Novogratz's Galaxy Digital to help sell crypto stash,"FTX is looking for approval in appointing Galaxy Digital to manage its digital token assets, filings from Wednesday show.",https://markets.businessinsider.com/news/currencies/ftx-mike-novogratz-galaxy-digital-sell-crypto-bitcoin-sbf-ether-2023-8,https://i.insider.com/64c8fcf1cf077800196853a9?width=1200&format=jpeg,2023-08-24T18:33:49Z,"Mike Novogratz speaks during Bitcoin 2022.Marco Bello / Stringer /Getty Images
<ul>
<li>FTX is looking for help from Galaxy Digital in managing its digital assets, filings show.</li>
<li>The investm… [+1879 chars]"
"{'id': 'business-insider', 'name': 'Business Insider'}",Matthew Fox,US stocks surge after jobs data takes pressure off of interest rates,"A decline in job openings means wage pressures should ease, which would give the Federal Reserve some breathing room in its interest rate plans.",https://markets.businessinsider.com/news/stocks/stock-market-news-today-jolts-job-data-interest-rates-fall-2023-8,https://i.insider.com/626ff9cb86fa90001905fcd2?width=1200&format=jpeg,2023-08-29T20:16:18Z,"Traders work on the floor at the opening bell of the Dow Industrial Average at the New York Stock Exchange on March 18, 2020 in New York.Bryan R. Smith/AFP/Getty Images
<ul><li>US stocks surged on T… [+2780 chars]"
"{'id': 'business-insider', 'name': 'Business Insider'}",Phil Rosen,US stocks trade mixed as the Dow caps off its worst week since March,The S&P 500 and Nasdaq Composite both notched their third consecutive week of declines.,https://markets.businessinsider.com/news/stocks/stock-market-news-today-dow-china-fed-deflation-bonds-bankruptcy-2023-8,https://i.insider.com/64dfbe81b698ac0019dcc01e?width=1200&format=jpeg,2023-08-18T20:07:00Z,"Traders work on the floor of the New York Stock Exchange shortly after the opening bell in New York, U.S., February 6, 2020.Lucas Jackson/Reuters
<ul>
<li>US stocks finished mixed on Friday, with th… [+2428 chars]"
"{'id': 'business-insider', 'name': 'Business Insider'}",Jennifer Sor,"US stocks fall as bond yields jump and investors await Apple, Amazon earnings",Apple and Amazon stock traded mostly flat as investors waited for the mega-cap tech firms to release second-quarter results.,https://markets.businessinsider.com/news/stocks/stock-market-news-today-apple-amazon-earnings-price-bond-yields-2023-8,https://i.insider.com/5e8f5b15c0232051c357299d?width=1200&format=jpeg,2023-08-03T20:03:10Z,"Lucas Jackson/Reuters
<ul>
<li>US stocks closed lower on Thursday as investors awaited for Apple and Amazon earnings to roll out.</li>
<li>The 10-year Treasury surged 11 basis points, continuing its… [+2563 chars]"
"{'id': 'business-insider', 'name': 'Business Insider'}",Phil Rosen,US stocks fall as Dow sheds nearly 350 points after Fitch credit-rating downgrade,"Fitch pointed to a deterioration of US governance and suspect management of fiscal and debt matters, though some experts have shrugged it off.",https://markets.businessinsider.com/news/stocks/stock-market-news-today-dow-fitch-downgrade-fed-debt-credit-2023-8,https://i.insider.com/64caae27ce6977001984c24c?width=1200&format=jpeg,2023-08-02T20:06:18Z,": Traders work on the floor of the New York Stock Exchange (NYSE) on June 01, 2023 in New York City. Despite the passing the debt ceiling bill in the U.S. House of Representatives, the Dow was lower … [+2490 chars]"
"{'id': 'business-insider', 'name': 'Business Insider'}",Max Adams,US stocks fall as Fed minutes show officials think hot inflation could still require more rate hikes,Meeting minutes showed that officials believe policy needs to be aggressive enough to solidly get inflation back down to the 2% target.,https://markets.businessinsider.com/news/stocks/stock-market-news-today-fed-minutes-inflation-sp500-dow-economy-2023-8,https://i.insider.com/6054c0bea7446d0018c85192?width=1200&format=jpeg,2023-08-16T20:05:50Z,"Traders work on the floor of the New York Stock Exchange during morning trading on May 17, 2023 in New York City.Michael M. Santiago/Getty Images
<ul>
<li>US stocks closed lower on Wednesday after F… [+3696 chars]"
"{'id': 'business-insider', 'name': 'Business Insider'}",Filip De Mott,US stocks rise to gain for the week as traders assess August jobs report,"Wage growth slowed in August and unemployment climbed, calming investors worried about more aggressive moves by the Fed.",https://markets.businessinsider.com/news/stocks/stock-market-news-today-equities-unemployment-august-jobs-report-inflation-2023-9,https://i.insider.com/648359eca460da00192438f5?width=1200&format=jpeg,2023-09-01T20:07:02Z,"US Federal Reserve Chair Jerome Powell attends a press conference in Washington, DC, on March 22, 2023.Liu Jie/Xinhua via Getty Images
<ul>
<li>Stocks were mostly higher on Friday with major indexes… [+2735 chars]"
"{'id': 'business-insider', 'name': 'Business Insider'}",Filip De Mott,US stocks fall after erasing earlier gains as Apple sells off on earnings,"For the week, the Dow lost 1%, the S&P 500 fell 2.3%, and the Nasdaq dropped 2.8%.",https://markets.businessinsider.com/news/stocks/stock-market-news-today-apple-amazon-q2-earnings-jobs-report-2023-8,https://i.insider.com/64cd491ef5d4870019e2046b?width=1200&format=jpeg,2023-08-04T20:12:51Z,"Spencer Platt/Getty Images
<ul>
<li>US stocks finished lower after reversing earlier gains as Apple dragged down indexes.</li>
<li>Apple stock tumbled 4.8% as quarterly revenue continued to drop.  <… [+1806 chars]"
"{'id': 'business-insider', 'name': 'Business Insider'}",Grace Kay,"The wild life of billionaire Twitter co-founder Jack Dorsey, who is known for eccentricities like eating one meal a day, and taking ice baths",Jack Dorsey is famous for his unusual life of luxury. He's friends with Elon Musk and stepped down as Twitter CEO in 2021 but continues to lead Block.,https://www.businessinsider.com/jack-dorsey-twitter-creator-billionaire,https://i.insider.com/60f93babfc253600181fbfd1?width=1200&format=jpeg,2023-08-29T10:08:05Z,"Jack Dorsey has led an interesting life.Joe Raedle/Getty Images
<ul>
<li>Jack Dorsey cofounded Twitter in 2006 and the company made him a billionaire.</li>
<li>He stepped down as Twitter CEO in 2021… [+22810 chars]"
"{'id': 'business-insider', 'name': 'Business Insider'}",Jennifer Sor,US stocks extend sell-off as bond yields jump following Fitch downgrade of US credit rating,"Investors are waiting for financials from Apple and Amazon, which are set to report earnings after the closing bell.",https://markets.businessinsider.com/news/stocks/stock-market-news-today-fitch-us-credit-downgrade-bond-yields-2023-8,https://i.insider.com/5fa2a0e31df1d50018218c5c?width=1200&format=jpeg,2023-08-03T13:46:46Z,"Don Emmert /AFP/GettyImages
<ul>
<li>US stocks continued to slide Thursday following Fitch's US credit downgrade.</li>
<li>The hit to America's credit rating also caused bond yields to jump.</li>
<l… [+2384 chars]"
"{'id': 'business-insider', 'name': 'Business Insider'}",Filip De Mott,US stocks rise as investors digest mega-cap earnings and jobs report,"The Labor Department's payroll report came in weaker than expected on Friday, with 187,000 new jobs created in July.",https://markets.businessinsider.com/news/stocks/stock-market-news-today-dow-apple-amazon-earnings-jobs-report-2023-8,https://i.insider.com/64ccf34c0b651c00193ace02?width=1200&format=jpeg,2023-08-04T13:32:02Z,"Stock tradersDrew Angerer/Getty Images
<ul>
<li>US stocks rose as investors weighed Apple and Amazon earnings as well as payroll data.</li>
<li>The US jobs report came in weaker than expected on Fri… [+1912 chars]"
"{'id': 'business-insider', 'name': 'Business Insider'}",Jennifer Sor,US stocks rise after 3-week selloff as traders look ahead to key earnings and Powell speech,Markets are expecting key AI firms to report earnings and Powell to deliver his remarks on the US economy this week.,https://markets.businessinsider.com/news/stocks/stock-market-news-today-wall-street-earnings-powell-jackson-hole-2023-8,https://i.insider.com/60f5c6009addaf00191ead2a?width=1200&format=jpeg,2023-08-21T13:37:38Z,"A trader works during the Fed rate announcement on the floor at the New York Stock Exchange (NYSE) in New York, U.S., March 20, 2019.Reuters/Brendan McDermid
<ul>
<li>US stocks eked a small recovery… [+2252 chars]"
"{'id': 'business-insider', 'name': 'Business Insider'}",Phil Rosen,US stocks drop as bank shares slide after Moody's downgrades 10 firms,The ratings giant slashed the ratings for 10 lenders and also put a handful of other banks on watch for a potential downgrade.,https://markets.businessinsider.com/news/stocks/stock-market-news-today-dow-banks-moodys-downgrades-ratings-finance-2023-8,https://i.insider.com/64d240e320f1cf0019cce8bf?width=1200&format=jpeg,2023-08-08T13:50:38Z,"Mario Tama/Getty Images
<ul>
<li>US stocks dropped Tuesday, and the Dow lost more than 260 points at the open.</li>
<li> Moody's downgraded 10 US banks and also put other firms on downgrade watch.</… [+2392 chars]"
"{'id': 'business-insider', 'name': 'Business Insider'}",Jennifer Sor,'Rich Dad Poor Dad' author Robert Kiyosaki warns of a market 'crash landing' after US credit rating gets slashed,"Kiyosaki, a frequent economic doomsayer, has been sounding the alarm for an epic stock market crash for years.",https://markets.businessinsider.com/news/stocks/market-crash-rich-dad-poor-dad-robert-kiyosaki-fitch-downgrade-2023-8,https://i.insider.com/61377ce0eedea900193d585c?width=1200&format=jpeg,2023-08-03T18:20:11Z,"The Rich Dad Channel/YouTube
<ul>
<li>Investors should brace for an epic ""crash landing"" to hit markets and the economy, Robert Kiyosaki said.</li>
<li>The ""Rich Dad Poor Dad"" author pointed to Fitc… [+2068 chars]"
"{'id': 'business-insider', 'name': 'Business Insider'}",Phil Rosen,US stocks climb on fresh signs the labor market is cooling,"Tuesday's JOLTS data and Wednesday's ADP report both pointed to a cooling labor market, a welcome sign for the Federal Reserve.",https://markets.businessinsider.com/news/stocks/stock-market-news-today-indexes-labor-jobs-jolts-fed-inflation-2023-8,https://i.insider.com/64ef42380ce10a00183b6af9?width=1200&format=jpeg,2023-08-30T13:35:11Z,"Michael M. Santiago/Getty Images
<ul>
<li>US stocks climbed Wednesday on fresh indications that the labor market is cooling.</li>
<li>The ADP report showed private-sector job growth slowed more than… [+2298 chars]"
"{'id': 'business-insider', 'name': 'Business Insider'}",Jennifer Sor,US stocks head for a 5-day winning streak as investors assess Fed's favorite inflation gauge,"The Fed's favorite inflation gauge rose 4.2% year over year in July, in line with what economists were expecting.",https://markets.businessinsider.com/news/stocks/stock-market-news-today-rally-winning-streak-fed-inflation-pce-2023-8,https://i.insider.com/61645cf62f8ca900195f6bd4?width=1200&format=jpeg,2023-08-31T13:37:45Z,"Getty Images / Mario Tama
<ul>
<li>Stocks headed for a five-day winning streak as investors digested the Fed's favorite inflation measure.</li>
<li>Core PCE inflation rose 4.2% year per year in July… [+2336 chars]"
"{'id': 'business-insider', 'name': 'Business Insider'}",Phil Rosen,US stocks rise after Nvidia's blowout earnings beat,"The AI chipmaker's stock jumped almost 8% in early trade, pushing the market cap to a new record of $1.25 trillion.",https://markets.businessinsider.com/news/stocks/stock-market-news-today-nvidia-earnings-wall-street-nasdaq-tech-2023-8,https://i.insider.com/64e75709a7adf7001906e3ce?width=1200&format=jpeg,2023-08-24T13:34:06Z,"Jensen Huang, CEO of NVIDIA, at a 2023 press conference in Taipei.Sam Yeh / Contributor
<ul>
<li>Stocks rose Thursday after Nvidia's earnings blew Wall Street expectations out of the water.</li>
<li… [+2169 chars]"
"{'id': 'business-insider', 'name': 'Business Insider'}",Matthew Fox,US stocks edge lower as investors await slew of economic data,"The August employment report will be released Friday morning, with economists expecting a net gain of 186,000 new jobs.",https://markets.businessinsider.com/news/stocks/stock-market-news-today-china-stimulus-economic-data-cpi-jobs-2023-8,https://i.insider.com/5f5b6fa8e6ff30001d4e83fe?width=1200&format=jpeg,2023-08-29T13:37:15Z,"Traders work on the floor of the New York Stock Exchange shortly after the opening bell in New York, U.S., March 17, 2020.Lucas Jackson/Reuters
<ul><li>US stocks edged lower on Tuesday as investors … [+2285 chars]"
"{'id': 'business-insider', 'name': 'Business Insider'}",Will Gendron,Does anyone care about crypto? Consumer transaction volume on Coinbase is down 70% from last year.,Coinbase reported transaction volume is way down on the crypto exchange following a prolonged Crypto Winter.,https://www.businessinsider.com/consumer-transaction-volume-coinbase-earnings-fell-troubling-bad-crypto-trading-2023-8,https://i.insider.com/62eac2d5c6987600183c781c?width=1200&format=jpeg,2023-08-05T16:34:34Z,"Coinbase, whose CEO Brian Armstrong is pictured, saw transactions drop on the platform.Patrick T. Fallon / Getty Images
<ul>
<li>Coinbase released its second quarter earnings for 2023 — and the repo… [+2098 chars]"
"{'id': 'business-insider', 'name': 'Business Insider'}",Jason Ma,US stocks tumble as 10-year yield keeps climbing to hit highest since 2007,"Stock market indexes gave up early gains to finish lower, with the Dow notching its third consecutive decline.",https://markets.businessinsider.com/news/stocks/stock-market-news-today-10-year-yield-highest-2007-dow-2023-8,https://i.insider.com/64de77aabd98a6001978718e?width=1200&format=jpeg,2023-08-17T20:05:00Z,"Angela Weiss/AFP via Getty Images
<ul>
<li>US stocks tumbled Thursday as the 10-year Treasury yield kept climbing and hit the highest level since 2007.</li>
<li>Measured on a daily basis, using a si… [+2056 chars]"
"{'id': 'business-insider', 'name': 'Business Insider'}",Max Adams,US stocks slip as traders wait for Fed meeting minutes,"Markets were eyeing the release of the Fed's July meeting minutes, due out at 2 p.m. ET on Wednesday.",https://markets.businessinsider.com/news/stocks/stock-market-news-today-fed-minutes-economy-inflation-china-2023-8,https://i.insider.com/64dcc7905e5d5a00195f1749?width=1200&format=jpeg,2023-08-16T13:31:33Z,"Michael M. Santiago/Getty Images
<ul>
<li>US stocks were lower Wednesday morning ahead of the release of the Fed's latest meeting minutes. </li>
<li>Inflation has been falling but is still above the… [+2483 chars]"
"{'id': 'business-insider', 'name': 'Business Insider'}",Filip De Mott,US stocks rise as jobs data dampens fears of a tighter Fed,"The unemployment rate rose to 3.8% in August, and job gains from prior months were revised lower.",https://markets.businessinsider.com/news/stocks/stock-market-news-today-august-jobs-report-fed-rate-hike-2023-9,https://i.insider.com/64f1e2a95114270019af0ea2?width=1200&format=jpeg,2023-09-01T13:37:43Z,"Traders work on the floor of the New York Stock Exchange (NYSE) on March 28, 2023 in New York City.Spencer Platt/Getty Images
<ul>
<li>US stocks rose as fears diminished that the Fed would raise int… [+2210 chars]"
"{'id': 'business-insider', 'name': 'Business Insider'}",Phil Rosen,US stocks rise as investors try to shake off August slump ahead of retail data,"Tech led the market higher, with the Nasdaq up more than 1% after last Friday marked its first run of back-to-back weekly losses in 2023.",https://markets.businessinsider.com/news/stocks/stock-market-news-today-indexes-traders-banks-wall-street-housing-2023-8,https://i.insider.com/64da740f5e5d5a00195db4ef?width=1200&format=jpeg,2023-08-14T20:09:22Z,"NYSE
<ul>
<li>US stocks ended higher as traders try to reinvigorate a rally that's stalled in August.</li>
<li>The Nasdaq Composite was up over 1% after coming off back-to-back losing weeks for the … [+2872 chars]"
"{'id': 'business-insider', 'name': 'Business Insider'}",Filip De Mott,US stocks trade mixed after giving up early gains as tech-led rally fizzles,"Investors are bracing for Nvidia's earnings report on Wednesday, while the Federal Reserve's upcoming Jackson Hole symposium may provide some upside.",https://markets.businessinsider.com/news/stocks/stock-market-news-today-nvda-nvidia-tech-rally-federal-reserve2023-8,https://i.insider.com/64e510fa912f290019a90b8b?width=1200&format=jpeg,2023-08-22T20:16:07Z,"Jen-Hsun Huang, CEO of Nvidia Corp., gives a keynote presentation during the GPU Technology Conference in San Jose, California. Huang later unveiled the Titan X CPU operating with a GeForce GTX Titan… [+2897 chars]"
"{'id': 'business-insider', 'name': 'Business Insider'}",Jennifer Sor,US stocks falls as markets assess downbeat China data,"China's economic slump continues, weighing on prospects for global growth. The US 10-year Treasury jumped further above 4%.",https://markets.businessinsider.com/news/stocks/stock-market-news-today-china-economy-news-growth-outlook-fitch-2023-8,https://i.insider.com/543f7c31ecad04fd6a2a820a?width=1200&format=jpeg,2023-08-15T13:50:56Z,"A trader watches the screen at his terminal on the floor of the New York Stock Exchange in New York October 15, 2014. REUTERS/Lucas Jackson
<ul>
<li>US stocks fell in early morning trading as invest… [+2720 chars]"
"{'id': 'business-insider', 'name': 'Business Insider'}",Jennifer Sor,Nasdaq breaks 4-day losing streak as tech shares rise ahead of key earnings,"Investors have their eye on Nvidia, which is expected to release its quarterly earnings report this Wednesday.",https://markets.businessinsider.com/news/stocks/stock-market-news-today-tech-rally-nasdaq-nvidia-stock-earnings-2023-8,https://i.insider.com/5ec6a04f988ee34d862e7c37?width=1200&format=jpeg,2023-08-21T20:05:41Z,"Goldman Sach's gives its list of high Sharpe ratio stocks.Andrew Kelly/Reuters
<ul>
<li>US stocks finished mixed on Monday as traders looked ahead to key earnings reports this week.</li>
<li>The Nas… [+2508 chars]"
"{'id': 'business-insider', 'name': 'Business Insider'}",Jennifer Sor,US stocks close higher as traders brush off Powell's warnings of more potential rate hikes,"""It is the Fed's job to bring inflation down to our 2% goal, and we will do so,"" Powell said at the Jackson Hole symposium Friday morning.",https://markets.businessinsider.com/news/stocks/stock-market-news-today-powell-fed-jackson-hole-inflation-rates-2023-8,https://i.insider.com/64e8d97b52bc2d001992470f?width=1200&format=jpeg,2023-08-25T20:07:16Z,"Fed chief Powell reiterated that inflation was still above the Fed's 2% target.AP Photo/Susan Walsh, File
<ul>
<li>US stocks rose Friday as markets brushed off Powell's warnings of more possible Fed… [+3195 chars]"
"{'id': 'business-insider', 'name': 'Business Insider'}",Matthew Fox,US stocks rise as investors turn attention to upcoming inflation data,"For the Federal Reserve to cut interest rates, inflation would have to be decisively on track to near the central bank's long-term 2% target.",https://markets.businessinsider.com/news/stocks/stock-market-news-today-july-cpi-inflation-data-interest-rates-2023-8,https://i.insider.com/64caae27ce6977001984c24c?width=1200&format=jpeg,2023-08-07T13:49:26Z,": Traders work on the floor of the New York Stock Exchange (NYSE) on June 01, 2023 in New York City. Despite the passing the debt ceiling bill in the U.S. House of Representatives, the Dow was lower … [+2724 chars]"
"{'id': 'business-insider', 'name': 'Business Insider'}",Max Adams,US stocks whipsaw but close higher as Wall Street mulls Fed outlook after July CPI,"Stocks initially rallied hard after CPI data was published Thursday morning, but had given up most of those gains by the afternoon.",https://markets.businessinsider.com/news/stocks/stock-market-news-today-july-cpi-inflation-dow-sp500-economy-2023-8,https://i.insider.com/64d53e737e9149001aa4462c?width=1200&format=jpeg,2023-08-10T20:03:47Z,"Photo by Michael Nagle/Xinhua via Getty Images)
<ul>
<li>US stocks closed higher Thursday but gave up their biggest gains as traders assess July CPI data. </li>
<li>Inflation last month came in at 3… [+2565 chars]"
"{'id': 'business-insider', 'name': 'Business Insider'}",Matthew Fox,US stocks finish the week mostly lower as July inflation data comes in mixed,"Wholesale prices for July edged up more than anticipated, muddling the outlook for when the Fed may declare victory over inflation.",https://markets.businessinsider.com/news/stocks/stock-market-news-today-mixed-inflation-data-sends-stocks-lower-2023-8,https://i.insider.com/5f732c1e0ab50d00184aced9?width=1200&format=jpeg,2023-08-11T20:03:55Z,"Lucas Jackson/Reuters
<ul><li>US stocks finished the week mostly lower as investors digest mixed inflation data.</li><li>While the July CPI report came in lower than expected, the producer price ind… [+2639 chars]"
"{'id': 'business-insider', 'name': 'Business Insider'}",Jennifer Sor,US Stocks edge higher as traders wait for Powell's Jackson Hole speech,"Stocks plunged after last year's Jackson Hole Symposium, where Powell warned markets of ""more pain"" ahead as the Fed would stay hawkish on inflation.",https://markets.businessinsider.com/news/stocks/stock-market-news-today-powell-jackson-hole-speech-fed-inflation-2023-08,https://i.insider.com/64e61921912f290019a98806?width=1200&format=jpeg,2023-08-25T13:40:33Z,"Federal Reserve Governor Jerome Powell attends the Federal Reserve Bank of Kansas City's annual Jackson Hole Economic Policy Symposium in Jackson Hole, WyomingThomson Reuters
<ul>
<li>US stocks rose… [+2999 chars]"
"{'id': 'business-insider', 'name': 'Business Insider'}",Jennifer Sor,US stocks trade mixed to close out tough August as traders brace for jobs report,"Stocks had a rocky ride in August, shedding nearly a quarter of the year's gains by mid-month before paring some losses.",https://markets.businessinsider.com/news/stocks/stock-market-news-selloff-fed-inflation-jobs-report-labor-market-2023-8,https://i.insider.com/62bdd9de7a6bd200198d0dc8?width=1200&format=jpeg,2023-08-31T20:06:04Z,"Getty Images / Drew Angerer
<ul>
<li>US stocks traded mixed on Thursday and ended August in the red.</li>
<li>The S&P 500 closed off the month 1% lower, while the Dow and Nasdaq shed 2%.</li>
<li>In… [+3175 chars]"
"{'id': 'business-insider', 'name': 'Business Insider'}",Jamela Adam,Step Banking Review: Build Credit While You Bank,Step is competitive with the best credit builder loans. The Step Visa Card is good for parents helping their teens build credit.,https://www.businessinsider.com/personal-finance/step-banking-credit-builder-review,https://i.insider.com/64dfe24ebd98a6001979d762?width=1200&format=jpeg,2023-08-21T21:31:55Z,"Our experts choose the best products and services to help make smart decisions with your money (here's how). In some cases, we receive a commission from our partners; however, our opinions are our ow… [+11265 chars]"
"{'id': None, 'name': 'ReadWrite'}",Alan Draper,15 Best Bitcoin Casinos for 2023 – Compare Crypto Casino Sites,"Bitcoin casinos offer many advantages that cannot be rivaled by regular gambling sites. This includes huge welcome packages, instant payouts, […]
The post 15 Best Bitcoin Casinos for 2023 – Compare Crypto Casino Sites appeared first on ReadWrite.",https://readwrite.com/cryptocurrency/best-crypto-casinos/,https://readwrite.com/wp-content/uploads/2023/08/dice-5012425_1280.jpg,2023-08-30T10:28:43Z,"Bitcoin casinos offer many advantages that cannot be rivaled by regular gambling sites. This includes huge welcome packages, instant payouts, 24/7 customer support, and an anonymous gambling experien… [+47670 chars]"
"{'id': None, 'name': 'ReadWrite'}",Michael Graw,10 Best Bitcoin Casinos with Instant Withdrawals & Payouts 2023,"A smooth and efficient payment system is the foundation of every successful gaming website. That’s even more important when you’re […]
The post 10 Best Bitcoin Casinos with Instant Withdrawals & Payouts 2023 appeared first on ReadWrite.",https://readwrite.com/cryptocurrency/instant-withdrawal-bitcoin-casinos/,https://readwrite.com/wp-content/uploads/2023/08/instant-withdrawal-crypto-casinos.png,2023-08-31T14:47:28Z,"A smooth and efficient payment system is the foundation of every successful gaming website. Thats even more important when youre gaming with Bitcoin. Besides security, casino players opt for this cry… [+27569 chars]"
"{'id': None, 'name': 'ReadWrite'}",Alan Draper,15 Best Bitcoin Gambling Sites in 2023 – Compare Crypto Gambling Sites,"Crypto gambling sites are becoming increasingly popular. Some of the offered perks include instant deposits and withdrawals, anonymous accounts, and […]
The post 15 Best Bitcoin Gambling Sites in 2023 – Compare Crypto Gambling Sites appeared first on ReadWrit…",https://readwrite.com/cryptocurrency/best-bitcoin-gambling-sites/,https://readwrite.com/wp-content/uploads/2023/08/image17-2-900x504.png,2023-08-31T09:59:50Z,"Crypto gambling sites are becoming increasingly popular. Some of the offered perks include instant deposits and withdrawals, anonymous accounts, and huge welcome packages for new players. But sifting… [+45916 chars]"
"{'id': None, 'name': 'ReadWrite'}",Alan Draper,15 Best Cryptocurrency to Invest in August 2023 – Compare Top Crypto to Buy Now,"Are you looking to gain exposure to cryptocurrencies but unsure which projects to invest in?  There are more than 25,000 […]
The post 15 Best Cryptocurrency to Invest in August 2023 – Compare Top Crypto to Buy Now appeared first on ReadWrite.",https://readwrite.com/cryptocurrency/best-crypto-to-buy/,https://readwrite.com/wp-content/uploads/2023/06/Crypto-IRA-Provider.jpeg,2023-08-30T10:40:08Z,"Are you looking to gain exposure to cryptocurrencies but unsure which projects to invest in? 
There are more than 25,000 cryptos available to purchase and while many offer the potential for massive … [+40568 chars]"
"{'id': None, 'name': 'ReadWrite'}",Mahabir Dash,Cryptocurrency and Blockchain Security: Challenges and Solutions,"If we define cryptocurrency, it is a digital asset used for performing transitions digitally. Strong cryptography is employed in it […]
The post Cryptocurrency and Blockchain Security: Challenges and Solutions appeared first on ReadWrite.",https://readwrite.com/cryptocurrency-and-blockchain-security-challenges-and-solutions/,https://readwrite.com/wp-content/uploads/2023/06/cryptocurrency-and-blockchain-security.png,2023-08-22T20:00:56Z,"If we define cryptocurrency, it is a digital asset used for performing transitions digitally. Strong cryptography is employed in it to safeguard financial transactions, restrict the creation of new u… [+13443 chars]"
"{'id': None, 'name': 'ReadWrite'}",Kanepepi,15 Best Altcoins to Invest in 2023,"Seasoned investors are loading up on altcoins – as many are trading at huge discounts from their prior all-time highs. […]
The post 15 Best Altcoins to Invest in 2023 appeared first on ReadWrite.",https://readwrite.com/cryptocurrency/best-altcoins/,https://readwrite.com/wp-content/uploads/2023/08/Screenshot-2023-08-28-at-11.39.42.png,2023-08-29T14:27:03Z,"Seasoned investors are loading up on altcoins – as many are trading at huge discounts from their prior all-time highs. There are thousands of altcoins to choose from, each offering its own upside pot… [+53183 chars]"
"{'id': None, 'name': 'ReadWrite'}",Alan Draper,New Cryptocurrency Launches to Invest in for August 2023,"The crypto market is currently in an exciting place, with signs that the industry is finally emerging from the crypto […]
The post New Cryptocurrency Launches to Invest in for August 2023 appeared first on ReadWrite.",https://readwrite.com/cryptocurrency/new-crypto-to-buy/,https://readwrite.com/wp-content/uploads/2023/08/Sonik-Presale.png,2023-08-26T07:29:53Z,"The crypto market is currently in an exciting place, with signs that the industry is finally emerging from the crypto winter and heading towards another bull market. New tokens are being launched alm… [+44205 chars]"
"{'id': None, 'name': 'ReadWrite'}",Michael Graw,8 Best Stake Casino Alternatives for 2023,"The ever-expanding crypto gaming industry has a few big players, including Stake. While there’s no doubt this brand has reached […]
The post 8 Best Stake Casino Alternatives for 2023 appeared first on ReadWrite.",https://readwrite.com/cryptocurrency/best-stake-alternatives/,https://readwrite.com/wp-content/uploads/2023/08/megadice2.png,2023-08-29T07:53:27Z,"The ever-expanding crypto gaming industry has a few big players, including Stake. While theres no doubt this brand has reached the top of the pecking order fair and square, its not the only reputable… [+20129 chars]"
"{'id': None, 'name': 'ReadWrite'}",Michael Graw,15 Next Cryptocurrency to Explode in 2023,"The cryptocurrency markets are often about timing; buy the right coin at the right time and significant gains can be […]
The post 15 Next Cryptocurrency to Explode in 2023 appeared first on ReadWrite.",https://readwrite.com/cryptocurrency/next-cryptocurrency-to-explode/,https://readwrite.com/wp-content/uploads/2023/08/next-crypto-to-explode.png,2023-08-30T10:01:49Z,"The cryptocurrency markets are often about timing; buy the right coin at the right time and significant gains can be made. A good example of this is Pepe – which increased by over 7,000% within three… [+52184 chars]"
"{'id': None, 'name': 'ReadWrite'}",Michael Graw,10 Best Crash Gambling Sites for 2023,"Crash games are one of the latest crazes in crypto casinos. They are similar to standard arcade games but have […]
The post 10 Best Crash Gambling Sites for 2023 appeared first on ReadWrite.",https://readwrite.com/cryptocurrency/best-crash-gambling-sites/,https://readwrite.com/wp-content/uploads/2023/09/best-crash-casinos.png,2023-09-01T15:05:12Z,"Crash games are one of the latest crazes in crypto casinos. They are similar to standard arcade games but have a gambling twist. The goal is to score the biggest multiplier before the game crashes. … [+22608 chars]"
"{'id': None, 'name': 'ReadWrite'}",Michael Graw,10 Best Meme Coins to Buy in 2023,"Meme coins are among the hottest tokens in the crypto market right now. Famously volatile, some of the biggest meme […]
The post 10 Best Meme Coins to Buy in 2023 appeared first on ReadWrite.",https://readwrite.com/cryptocurrency/best-meme-coins-to-buy/,https://readwrite.com/wp-content/uploads/2023/08/Wall-Street-Memes-Presale.png,2023-08-26T07:20:07Z,"Meme coins are among the hottest tokens in the crypto market right now. Famously volatile, some of the biggest meme coins have jumped more than 10,000% in recent months. Investors have made fortunes … [+25748 chars]"
"{'id': None, 'name': 'ReadWrite'}",Sumejja,8 Best Aviator Casinos for 2023,"Aviator is an immensely popular casino game that relies on players’ capability to stay patient and strike quickly. While a […]
The post 8 Best Aviator Casinos for 2023 appeared first on ReadWrite.",https://readwrite.com/cryptocurrency/best-aviator-gambling-sites/,https://readwrite.com/wp-content/uploads/2023/08/best-aviator-casinos.png,2023-08-29T17:21:56Z,"Aviator is an immensely popular casino game that relies on players capability to stay patient and strike quickly. While a plane is taking off and flying higher and higher, the potential profits rise … [+25136 chars]"
"{'id': None, 'name': 'Hackaday'}",Maya Posch,The World ID Orb and the Question of What Defines a Person,"Among the daily churn of ‘Web 3.0’, blockchains and cryptocurrency messaging, there is generally very little that feels genuinely interesting or unique enough to pay attention to. The same was …read more",https://hackaday.com/2023/08/10/the-world-id-orb-and-the-question-of-what-defines-a-person/,https://hackaday.com/wp-content/uploads/2021/11/Eyeglasses.jpg,2023-08-10T14:00:16Z,"Among the daily churn of ‘Web 3.0’, blockchains and cryptocurrency messaging, there is generally very little that feels genuinely interesting or unique enough to pay attention to. The same was true f… [+10040 chars]"
"{'id': None, 'name': 'Hubspot.com'}",cwainwright@hubspot.com (Corey Wainwright),How to Make a QR Code in 5 Easy Steps,"From restaurant menus to bathroom stall doors, you can find QR codes just about anywhere these days. In fact, they've become so ever-present that 45% of shoppers used marketing-related QR codes in 2021.",https://blog.hubspot.com/marketing/blog/tabid/6307/bid/29449/how-to-create-a-qr-code-in-4-quick-steps.aspx-vb#article,https://blog.hubspot.com/hubfs/QR-code_11.webp#keepProtocol,2023-08-21T19:59:40Z,"From restaurant menus to bathroom stall doors, you can find QR codes just about anywhere these days. In fact, they've become so ever-present that 45% of shoppers used marketing-related QR codes in 20… [+17279 chars]"
"{'id': 'fox-news', 'name': 'Fox News'}","Kurt Knutsson, CyberGuy Report",Cunning romance scams and how to avoid them,"Kurt ""The CyberGuy"" Knutsson explains how online dating scams can prey on victims by building an emotional connection before extracting money.",https://www.foxnews.com/tech/cunning-romance-scams-how-avoid-them,https://static.foxnews.com/foxnews.com/content/uploads/2023/07/3-dating-app.jpg,2023-08-31T14:00:26Z,"Let's face it online dating has always been a bit of a circus. Between ghosting, catfishing and breadcrumbing, it's a wonder anyone finds romance at all. It's safe to say online dating is a downright… [+8318 chars]"
"{'id': 'fox-news', 'name': 'Fox News'}","Kurt Knutsson, CyberGuy Report",Tech tips to avoid contractor scams after a storm or disaster,"Scammers are using natural disasters to pose as contractors that can fix your house. Kurt ""CyberGuy"" Knutsson give you some tips on how to avoid this scam.",https://www.foxnews.com/tech/tech-tips-avoid-contractor-scams-after-storm-disaster,https://static.foxnews.com/foxnews.com/content/uploads/2023/08/1-tornado.jpg-.jpg,2023-08-10T17:48:02Z,"Severe storms have swept across the United States, spawning tornadoes, hail and damaging winds in multiple states.  In Hawaii, both Maui and the Big Island have been hit by firestorms with severe des… [+8816 chars]"
"{'id': 'bbc-news', 'name': 'BBC News'}",https://www.facebook.com/bbcnews,Razzlekhan and husband guilty of $4.5bn Bitcoin launder,Heather Morgan and husband Ilya Lichtenstein plead guilty to money laundering and defrauding the US.,https://www.bbc.co.uk/news/technology-66390639,https://ichef.bbci.co.uk/news/1024/branded_news/11EBB/production/_130630437_3b05fe1d-48e9-40d6-a82c-4e555308aa5d.jpg,2023-08-03T18:25:11Z,"A husband and wife cyber-crime team have pleaded guilty to trying to launder $4.5bn (£3.5bn) of Bitcoin that he had stolen in a hack in 2016. 
Heather Morgan and Ilya Lichtenstein were arrested last… [+4217 chars]"
"{'id': None, 'name': 'Kagi.com'}",Vladimir Prelovac,"Kagi now accepts PayPal, EUR and Bitcoin payments",One of the most frequently requested features on Kagi has been the expansion of our payment methods so that more people can more easilly enjoy the benefits of Kagi Search.,https://blog.kagi.com/accepting-paypal-bitcoin,,2023-08-31T23:34:04Z,"One of the most frequently requested features on Kagi has been the expansion of our payment methods so that more people can more easilly enjoy the benefits of Kagi Search.
We are happy to announce t… [+1588 chars]"
"{'id': None, 'name': 'Vexl.it'}",vexl,Apple: Using cash is “clearly reckless”,"At the Vexl Foundation, we sponsor projects that promote and enable personal and financial freedoms and self-determination. Bitcoin is the ultimate tool of this mission and we spent countless…",https://blog.vexl.it/apple-using-cash-is-clearly-reckless-77e2a519a3bc,https://miro.medium.com/v2/resize:fit:1200/1*chyL2xBlyiX7dV8jD6Zk4A.png,2023-08-30T08:43:33Z,"Apple: Using cash is clearly reckless
At the Vexl Foundation, we sponsor projects that promote and enable personal and financial freedoms and self-determination. Bitcoin is the ultimate tool of this… [+3590 chars]"
"{'id': None, 'name': 'Makeamericawalkable.com'}",,Lack of Walkability in the US is destroying mental health,Tired of unwalkable suburban hellscapes littered with strip malls? Join our community.,https://makeamericawalkable.com/,http://makeamericawalkable.com/cdn/shop/files/Screenshot_2023-03-07_at_12.15.15_PM.png?v=1678209447,2023-08-14T17:40:45Z,"Our film aims to shed light on how lobbyists destroyed the walkability of American towns and cities, and how it's affecting our health and happiness.
We'll be comparing the walkability of Europe to … [+463 chars]"
"{'id': None, 'name': 'W Magazine'}",Ilana Kaplan,O.C. Actor Ben McKenzie's Book 'Easy Money' Exposes the Dark Side of Crypto,"With new book 'Easy Money,' the actor takes aim at the dark side of the cryptocurrency craze.",https://www.wmagazine.com/culture/ben-mckenzie-easy-money-crypto-book-interview,https://imgix.bustle.com/uploads/image/2023/7/20/b6fc609e-9083-4b21-8f09-d2034b7378a5-1dd787af-9c07-4b15-ac58-d5c77724675a-w_benmckenzie.jpeg?w=1200&h=630&fit=crop&crop=focalpoint&fm=jpg&fp-x=0.536&fp-y=0.3422,2023-08-06T16:42:05Z,"The inspiration for Ben McKenzie's literary debut came from where many great ideas emerge: getting stoned. ""I took some edibles, and I was like, 'Oh, I'll write a book,'"" the actor says over Zoom fro… [+6243 chars]"
"{'id': None, 'name': 'Hivemind.vc'}",,Nostr: A Decentralized Messaging Protocol,"Why I’m Betting Big on Nostr Nostr – the simple, decentralized messaging protocol with the potential to replace (and even integrate with) centralized apps like Twitter and WhatsApp – is going mainstream. And fast.  I’ve never seen anything quite like it. From…",https://hivemind.vc/nostr/,https://hivemind.vc/wp-content/uploads/2023/01/nostrich-with-light.png?w=1024,2023-09-01T15:00:30Z,"Image generated with DALLE via micropay.ai
Nostr – the simple, decentralized messaging protocol with the potential to replace (and even integrate with) centralized apps like Twitter and WhatsApp – i… [+17956 chars]"
"{'id': None, 'name': 'Matt-rickard.com'}",Matt Rickard,De Facto Ports,Most applications communicate over a TCP or UDP port. Ports 0-1023 are usually privileged and require administrator or superuser access to bind a network socket to an IP with the corresponding port. But anything over 1024 is up for grabs. IANA (Internet Assig…,https://matt-rickard.com/de-facto-ports,https://matt-rickard.com/api/og?title=De%20Facto%20Ports,2023-08-20T13:45:50Z,Most applications communicate over a TCP or UDP port. Ports 0-1023 are usually privileged and require administrator or superuser access to bind a network socket to an IP with the corresponding port. … [+1823 chars]
"{'id': None, 'name': 'BleepingComputer'}",Bill Toulas,WinRAR zero-day exploited since April to hack trading accounts,"A WinRar zero-day vulnerability tracked as CVE-2023-38831 was actively exploited to install malware when clicking on harmless files in an archive, allowing the hackers to breach online cryptocurrency trading accounts.",https://www.bleepingcomputer.com/news/security/winrar-zero-day-exploited-since-april-to-hack-trading-accounts/,https://www.bleepstatic.com/content/hl-images/2022/08/21/compressed-folder-light-rays.jpg,2023-08-23T14:05:16Z,"A WinRar zero-day vulnerability tracked as CVE-2023-38831 was actively exploited to install malware when clicking on harmless files in an archive, allowing the hackers to breach online cryptocurrency… [+3721 chars]"
"{'id': None, 'name': 'Github.io'}",,George Hotz: There is no hard takeoff,"Back in 2014, Elon Musk referred to AI as summoning the demon. And it wasn’t hard to see that view. Soon, Go agents would beat top humans learning from self play. By the end of 2017, the same algorithm mastered Chess and Shogi. By 2020, it didn’t even need to…",https://geohot.github.io//blog/jekyll/update/2023/08/10/there-is-no-hard-takeoff.html,,2023-08-11T09:34:59Z,"Back in 2014, Elon Musk referred to AI as summoning the demon. And it wasnt hard to see that view. Soon, Go agents would beat top humans learning from self play. By the end of 2017, the same algorith… [+4991 chars]"
"{'id': None, 'name': 'Sjoerdlangkemper.nl'}",,Short session expiration does not help security,"When logged into a web application, the session does not remain valid forever. Typically, the session expires after a fixed time after login, or after the user has been idle for some time. How long should these times be?",https://www.sjoerdlangkemper.nl/2023/08/16/session-timeout/,https://www.sjoerdlangkemper.nl/images/time-expired-480.jpg,2023-08-18T09:45:32Z,"When logged into a web application, the session does not remain valid forever. Typically, the session expires after a fixed time after login, or after the user has been idle for some time. How long s… [+4726 chars]"
"{'id': None, 'name': 'Institutional Investor'}",Michelle Celarier,Money Is Pouring into AI. Skeptics Say It’s a ‘Grift Shift.’,"The move from crypto to artificial intelligence has fueled the markets this year, but some are questioning how much of it is real.",https://www.institutionalinvestor.com/article/2c4fad0w6irk838pca3gg/portfolio/money-is-pouring-into-ai-skeptics-say-its-a-grift-shift,https://cdn.assetmg.info/dims4/default/e0f778a/2147483647/strip/true/crop/1200x675+0+13/resize/1440x810!/quality/90/?url=https%3A%2F%2Fk2-prod-in-investor-prod.s3.amazonaws.com%2Fbrightspot%2F1e%2F9c%2Fcf470f664a3cab27db4b61b7db27%2Fart-grift-shift-feature.jpg,2023-08-31T05:55:10Z,"By the time a dormant penny stock company known as Applied Sciences managed to wrangle a listing on the Nasdaq in April 2022, it had reinvented itself as a cloud hosting service for bitcoin miners an… [+24758 chars]"
"{'id': None, 'name': 'Culturcidal.com'}",John Hawkins,When No One Can Afford to Live in America Anymore,What Our Future Looks Like,https://www.culturcidal.com/p/20-things-that-will-happen-when-no,"https://substackcdn.com/image/fetch/w_1200,h_600,c_fill,f_jpg,q_auto:good,fl_progressive:steep,g_auto/https%3A%2F%2Fsubstack-post-media.s3.amazonaws.com%2Fpublic%2Fimages%2Fb5c6c5ba-e093-4bc3-95cd-b059f5b26fb5_1280x960.jpeg",2023-08-17T15:07:14Z,"Typically, the antiwork subreddit at Reddit is just what it sounds like. A bunch of lazy people complaining that they have to work instead of being rewarded for existing. However, one post over there… [+8596 chars]"
"{'id': None, 'name': 'Softwareplatform.net'}",Peter Lugli,Apple Pay Later: What Are the Crazy Ones Up To?,Where is Apple headed in the payments space? Apple Pay Later seems like just a start to a possible broader strategy.,https://www.softwareplatform.net/2023/04/16/apple-pay-later-what-are-the-crazy-ones-up-to/,https://d33g3rbxseytqx.cloudfront.net/wp-content/uploads/2023/04/Apple-Pay-Later.png?_t=1681664039,2023-08-26T14:41:19Z,"(I’m pleased to welcome back Peter Lugli, as a guest poster on the blog.  Peter is a friend, former colleague, and veteran of Prime Revenue, Ariba, Amazon, and Mastercard.  He’s also a great writer!)… [+20928 chars]"
"{'id': None, 'name': 'Substack.com'}",Kulak,Film Review: BlackBerry,The Greatest business film ever made... in Canada,https://anarchonomicon.substack.com/p/review-blackberry,"https://substackcdn.com/image/fetch/w_1200,h_600,c_fill,f_jpg,q_auto:good,fl_progressive:steep,g_auto/https%3A%2F%2Fsubstack-post-media.s3.amazonaws.com%2Fpublic%2Fimages%2F7831d87b-c212-4c35-82b1-d44ab27930c5_900x1333.jpeg",2023-08-29T11:57:43Z,"And we were the only ones in the theatre. Id heard nothing about this movie at all. Just oh are you up to anything, maybe theres a movie on *lets see* Nope nothing Just Guardians of the Galaxy 3. Oh … [+21498 chars]"
"{'id': None, 'name': '404media.co'}",Joseph Cox,The Secret Weapon Hackers Can Use to Dox Nearly Anyone in America for $15,"Most Americans have very little choice but to provide their personal information to credit bureaus. Hackers have found a way into that data supply chain, and are advertising access in group chats used by violent criminals who rob, assault, and shoot targets.",https://www.404media.co/the-secret-weapon-hackers-can-use-to-dox-nearly-anyone-in-america-for-15-tlo-usinfosearch-transunion/,https://www.404media.co/content/images/2023/08/bullets-mask-4.jpeg,2023-08-22T13:48:41Z,"It took only a few seconds to uncover the targets entire life.
On the messaging app Telegram, I entered a tiny amount of information about my target into the dark blue text boxtheir name and the sta… [+19120 chars]"
"{'id': 'vice-news', 'name': 'Vice News'}","Matthew Gault, Jason Koebler","CYBER: The Jason Koebler Exit Interview, Part Two","This week on the show we’re saying goodbye to Motherboard’s longtime editor-in-chief, Jason Koebler.",https://www.vice.com/en/article/7kxwmq/cyber-the-jason-koebler-exit-interview-part-two,https://video-images.vice.com/articles/64e8396612db225893c4b5c4/lede/1692940667875-motherboardjason.png?image-resize-opts=Y3JvcD0xeHc6MC45OTk2MDkzNzV4aDtjZW50ZXIsY2VudGVyJnJlc2l6ZT0xMjAwOiomcmVzaXplPTEyMDA6Kg,2023-08-28T13:00:00Z,"It’s part two of our bittersweet episode of Cyber where we bid farewell to Motherboard editor-in-chief Jason Koebler. This week we do a deep dive into the Motherboard lore. The stories that broke us,… [+311 chars]"
"{'id': None, 'name': 'Tim.blog'}",Tim Ferriss,"The Random Show, Rare Drinking Edition — Affordable Luxuries, Brain Stimulation, Sampling the Future (and Some Previews), Recharging with Creative Experiments, Tokenizing Humans with a Bonding Curve, Poetry for People Who Hate Poetry, and Much More (#690)","The Random Show, Rare Drinking Edition!
The post The Random Show, Rare Drinking Edition — Affordable Luxuries, Brain Stimulation, Sampling the Future (and Some Previews), Recharging with Creative Experiments, Tokenizing Humans with a Bonding Curve, Poetry for…",https://tim.blog/2023/09/01/the-random-show-drinking-edition/,https://149346886.v2.pressablecdn.com/wp-content/uploads/2023/09/The-Random-Show-Illustration--scaled.jpeg,2023-09-01T13:31:29Z,"Illustration via 99designs
Technologist, serial entrepreneur, world-class investor, self-experimenter, and all-around wild and crazy guy Kevin Rose (@KevinRose) rejoins me for another episode of The… [+12840 chars]"
"{'id': None, 'name': 'Uncrate.com'}",Uncrate,Wilt Chamberlain's Game-Worn 1972 NBA Finals Jersey,"On May 1972, Wilt Chamberlain led the Lakers to their first NBA Championship. Even with a broken hand, the basketball legend scored 24 points and snagged 29 rebounds to help his team clinch the title in five games against the...",https://uncrate.com/wilt-chamberlains-game-worn-1972-nba-finals-jersey/,https://uncrate.com/p/2023/08/wilt-chamberlin-game-worn-1972-jersey.jpg,2023-08-02T22:52:34Z,"Fine wine returned 13.1% in 2022, outperforming S&amp;P 500, Bitcoin, and even gold, while rare whiskey returned 395% from 2013 to 2023. Vinovest is making this widely untapped resource more accessib… [+668 chars]"
"{'id': None, 'name': 'Uncrate.com'}",Uncrate,Merrimack + Stranahan's Blue Peak Canoe,"Merrimack collaborates with Stranahan's Colorado Whiskey on a custom-built canoe. The Merrimack + Stranahan's Blue Peak Canoe rebuilds the brand's Tennessean model using aging barrels from the distillery. After the single malt whiskey was drained, the barrels…",https://uncrate.com/merrimack-stranahans-blue-peak-canoe/,https://uncrate.com/p/2023/08/merrimack-stranahan-blue-peak-canoe.jpg,2023-08-02T21:50:47Z,"Fine wine returned 13.1% in 2022, outperforming S&amp;P 500, Bitcoin, and even gold, while rare whiskey returned 395% from 2013 to 2023. Vinovest is making this widely untapped resource more accessib… [+668 chars]"
"{'id': None, 'name': 'Uncrate.com'}",Uncrate,Legent Yamazaki Cask Finish Blend,"2023 marks Suntory's 100th anniversary. As part of the celebration, Legent - a collaboration between Jim Beam Master Distiller Fred Noe and Suntory Chief Blender Shinji Fukuyo - is releasing a limited-edition whiskey. Legent Yamazaki Cask Finish Blend began a…",https://uncrate.com/legent-yamazaki-cask-finish-blend/,https://uncrate.com/p/2023/08/legent-yamazaki-cask-finish.jpg,2023-08-02T21:00:01Z,"Fine wine returned 13.1% in 2022, outperforming S&amp;P 500, Bitcoin, and even gold, while rare whiskey returned 395% from 2013 to 2023. Vinovest is making this widely untapped resource more accessib… [+668 chars]"
"{'id': None, 'name': 'Uncrate.com'}",Uncrate,2023 Land Rover Defender Trophy Edition,"Land Rover is releasing its second run of Trophy Edition Defenders for 2023, this time based on the Defender 130 P400 SE. The Defender Trophy Edition is powered by a 3.0-liter turbo-6 with a mild-hybrid system for making 395 horsepower,...",https://uncrate.com/2023-land-rover-defender-trophy-edition/,https://uncrate.com/p/2023/08/defender-trophy-1.jpg,2023-08-11T17:50:42Z,"Fine wine returned 13.1% in 2022, outperforming S&amp;P 500, Bitcoin, and even gold, while rare whiskey returned 395% from 2013 to 2023. Vinovest is making this widely untapped resource more accessib… [+668 chars]"
"{'id': None, 'name': 'Uncrate.com'}",Uncrate,Artisans de Geneve x Adam Levine Neon Rolex Daytona,"The Swiss watch atelier unveils the Artisans de Geneve x Adam Levine Neon Rolex Daytona - a masterful reinterpretation of the iconic 116508 gold Daytona for the Maroon 5 frontman. Crafted with meticulous attention to detail, this horological marvel boasts...",https://uncrate.com/artisans-de-geneve-x-adam-levine-neon-rolex-daytona/,https://uncrate.com/p/2023/08/artisans-de-geneve-adam-levine-neon-rolex.jpg,2023-08-11T16:35:18Z,"Fine wine returned 13.1% in 2022, outperforming S&amp;P 500, Bitcoin, and even gold, while rare whiskey returned 395% from 2013 to 2023. Vinovest is making this widely untapped resource more accessib… [+668 chars]"
"{'id': None, 'name': 'Uncrate.com'}",Uncrate,Prince's Versace Medusa Watch,Avid watch collector and founder of Connoisseur of Time Paul Hoyt is partnering with eBay to sell seven of his most cherished items. Of the pieces in the collection is Prince's Versace Medusa Watch. The vintage is presented with a...,https://uncrate.com/princes-versace-medusa-watch/,https://uncrate.com/p/2023/08/princes-versace-medusa-watch.jpg,2023-08-11T22:22:56Z,"Fine wine returned 13.1% in 2022, outperforming S&amp;P 500, Bitcoin, and even gold, while rare whiskey returned 395% from 2013 to 2023. Vinovest is making this widely untapped resource more accessib… [+668 chars]"
"{'id': None, 'name': 'Uncrate.com'}",Uncrate,Girard-Perregaux Laureato Absolute 8Tech Watch,Girard-Perregaux adds to the Laureato Absolute family with the 8Tech. The stealthy chronograph features a 44mm case and an octagonal bezel. It gets its marble-like finish from a unique technique constructed from thin layers of carbon fibers combined with ligh…,https://uncrate.com/girard-perregaux-laureato-absolute-8tech-watch/,https://uncrate.com/p/2023/08/gp-laureato-absolute-8tech.jpg,2023-08-29T22:50:58Z,"Fine wine returned 13.1% in 2022, outperforming S&amp;P 500, Bitcoin, and even gold, while rare whiskey returned 395% from 2013 to 2023. Vinovest is making this widely untapped resource more accessib… [+668 chars]"
"{'id': None, 'name': 'Uncrate.com'}",Uncrate,Garb: Concrete Jungle,"Off-White Leather Sneakers / $475. Bottega Veneta Leather Backpack / $3,700. Norse Projects Cap / $89. Garrett Leight Brooks X Sunglasses / $420. Sunspel T-Shirt / $62. Concrete Jungle Book / $49. Imogene + Willie Military Trousers / $195....",https://uncrate.com/garb-concrete-jungle/,https://uncrate.com/p/2023/08/garb-concrete-jungle.jpg,2023-08-23T20:54:00Z,"Fine wine returned 13.1% in 2022, outperforming S&amp;P 500, Bitcoin, and even gold, while rare whiskey returned 395% from 2013 to 2023. Vinovest is making this widely untapped resource more accessib… [+668 chars]"
"{'id': None, 'name': 'Uncrate.com'}",Uncrate,AG1 Daily Nutrition,"The easiest way to get your daily nutrition on the go is AG1. It's a Foundational Nutrition supplement that supports your body's universal needs, like nutrient replenishment, gut optimization, stress management, and immune support. By giving your body nutrien…",https://uncrate.com/ag1-daily-nutrition/,https://uncrate.com/p/2023/02/ag1-package-pour-1.jpg,2023-08-23T18:11:04Z,"Fine wine returned 13.1% in 2022, outperforming S&amp;P 500, Bitcoin, and even gold, while rare whiskey returned 395% from 2013 to 2023. Vinovest is making this widely untapped resource more accessib… [+668 chars]"
"{'id': None, 'name': 'Uncrate.com'}",Uncrate,Ferrari Endurance,"Few automakers can match the cachet of Ferrari in endurance racing. Despite 50 years having passed since Maranello's last top-tier works entry at Le Mans, the allure of the French track is irresistible, and Ferrari will be returning to the...",https://uncrate.com/ferrari-endurance/,https://uncrate.com/p/2023/08/ferrari-endurance-1.jpg,2023-08-24T16:00:00Z,"Fine wine returned 13.1% in 2022, outperforming S&amp;P 500, Bitcoin, and even gold, while rare whiskey returned 395% from 2013 to 2023. Vinovest is making this widely untapped resource more accessib… [+668 chars]"
"{'id': None, 'name': 'Uncrate.com'}",Uncrate,1970 Range Rover Velar Prototype,"Before the Range Rover became a luxury icon, it was a utilitarian SUV. Two doors and a vinyl hose-out interior were as nice as it got - along with a huge dose of off-road capability. This Davos white Range Rover...",https://uncrate.com/1970-range-rover-velar-prototype/,https://uncrate.com/p/2023/08/range-rover-velar-1.jpg,2023-08-21T23:35:06Z,"Fine wine returned 13.1% in 2022, outperforming S&amp;P 500, Bitcoin, and even gold, while rare whiskey returned 395% from 2013 to 2023. Vinovest is making this widely untapped resource more accessib… [+668 chars]"
"{'id': None, 'name': 'Uncrate.com'}",Uncrate,2006 Fleer Buyback Michael Jordan Autographed Rookie Card,"Michael Jordan's 1986 Fleer rookie is arguably the most famous basketball card in existence. For its 20th anniversary, new company-owner Upper Deck acquired 23 well-preserved examples, had MJ sign them, and put redemption cards into the 06-07 Fleer set. With.…",https://uncrate.com/2006-fleer-buyback-michael-jordan-autographed-rookie-card/,https://uncrate.com/p/2023/08/jordan-fleer-buyback.jpg,2023-08-11T15:00:01Z,"Fine wine returned 13.1% in 2022, outperforming S&amp;P 500, Bitcoin, and even gold, while rare whiskey returned 395% from 2013 to 2023. Vinovest is making this widely untapped resource more accessib… [+668 chars]"
"{'id': None, 'name': 'Uncrate.com'}",Uncrate,Black House Farm,"The Black House Farm is a lesson in merging historic architecture with contemporary design. Situated on a 20-acre farm, this project begins with renovating a 17th-century farmhouse. Its oak thatched roof, oak framing, and handmade red brick have been left...",https://uncrate.com/black-house-farm/,https://uncrate.com/p/2023/08/black-house-farm-1.jpg,2023-08-08T18:00:08Z,"Fine wine returned 13.1% in 2022, outperforming S&amp;P 500, Bitcoin, and even gold, while rare whiskey returned 395% from 2013 to 2023. Vinovest is making this widely untapped resource more accessib… [+668 chars]"
"{'id': None, 'name': 'Uncrate.com'}",Uncrate,Magnus Walker's 1977 Porsche 930 Turbo Carrera,"Magnus Walker's love for all things Porsche cannot be understated. The fashion industry icon has built one of the most famous collections of Porsches on the planet, with everything from classic examples to wild customs. Owned by Walker since 2013,...",https://uncrate.com/magnus-walkers-1977-porsche-930-turbo-carrera/,https://uncrate.com/p/2023/08/magnus-walker-930-1.jpg,2023-08-09T18:55:35Z,"Fine wine returned 13.1% in 2022, outperforming S&amp;P 500, Bitcoin, and even gold, while rare whiskey returned 395% from 2013 to 2023. Vinovest is making this widely untapped resource more accessib… [+668 chars]"
"{'id': None, 'name': 'Uncrate.com'}",Uncrate,Range Rover SV Carmel Edition SUV,"Range Rover House, Range Rover's invitation-only luxury experience, returned to Monterey Car Week for 2023 with the new SV Carmel Edition. Named after California's Carmel Highlands where Range Rover House is located, the new Carmel Edition comes in SV Bespoke…",https://uncrate.com/range-rover-sv-carmel-edition-suv/,https://uncrate.com/p/2023/08/range-rover-sv-carmel-1.jpg,2023-08-23T21:56:53Z,"Fine wine returned 13.1% in 2022, outperforming S&amp;P 500, Bitcoin, and even gold, while rare whiskey returned 395% from 2013 to 2023. Vinovest is making this widely untapped resource more accessib… [+668 chars]"
"{'id': None, 'name': 'Uncrate.com'}",Uncrate,Brabus Mercedes-Maybach 850,"Brabus' latest creation goes straight to the top of the luxury food chain, remaking the Mercedes Maybach S-Class into an 850-horsepower monster. The 6.3-liter V12 gets upgraded with new internals and larger twin turbos, bringing power up to the aforementioned…",https://uncrate.com/brabus-mercedes-maybach-850/,https://uncrate.com/p/2023/08/brabus-maybach-850-1.jpg,2023-08-09T16:00:00Z,"Fine wine returned 13.1% in 2022, outperforming S&amp;P 500, Bitcoin, and even gold, while rare whiskey returned 395% from 2013 to 2023. Vinovest is making this widely untapped resource more accessib… [+668 chars]"
"{'id': None, 'name': 'Uncrate.com'}",Uncrate,Hideaway House,"If you're looking for privacy, it doesn't get more secluded than the Hideaway House. The blackened timber cabin is situated on a 52.7 private mountain surrounded by ancient forests. Originally built in 1993 and remodeled in 2021, the retreat features...",https://uncrate.com/hideaway-house/,https://uncrate.com/p/2023/08/hideaway-house-1.jpg,2023-08-24T15:39:33Z,"Fine wine returned 13.1% in 2022, outperforming S&amp;P 500, Bitcoin, and even gold, while rare whiskey returned 395% from 2013 to 2023. Vinovest is making this widely untapped resource more accessib… [+668 chars]"
